Benchmark,Prefetcher,File,IPC,Instructions,L1D_Load_Miss,L1D_Load_Access,L1D_RFO_Miss,L1D_RFO_Access,L1D_Total_Miss,L1D_Total_Access,Prefetch_Issued,Prefetch_Useful,Prefetch_Level,LLC_Total_Access,L1D_MPKI,LLC_APKI,Baseline_IPC,Speedup,Baseline_L1D_Miss,Coverage,Accuracy
602.gcc_s-1850B,No-Prefetch,hashed_perceptron-no-vberti-no-no-no-no-no-lru-lru-lru-srrip-drrip-lru-lru-lru-1core-no---602.gcc_s-1850B.champsimtrace.xz,0.433319,200000000.0,1168508.0,38706575.0,1605.0,17263553.0,4581545.0,91440264.0,116813589.0,3316978.0,L1D,3694302.0,22.907725,18.47151,0.433319,1.0,4581545.0,0.0,
605.mcf_s-782B,No-Prefetch,hashed_perceptron-no-vberti-no-no-no-no-no-lru-lru-lru-srrip-drrip-lru-lru-lru-1core-no---605.mcf_s-782B.champsimtrace.xz,0.228969,200000001.0,21831889.0,41984075.0,60519.0,3352403.0,30961052.0,87965871.0,161467354.0,9064555.0,L1D,26178616.0,154.805259,130.893079,0.228969,1.0,30961052.0,0.0,
602.gcc_s-2226B,No-Prefetch,hashed_perceptron-no-vberti-no-no-no-no-no-lru-lru-lru-srrip-drrip-lru-lru-lru-1core-no---602.gcc_s-2226B.champsimtrace.xz,0.40238,200000000.0,2975975.0,32564761.0,5477.0,2659791.0,14457715.0,127141099.0,311663995.0,11027019.0,L1D,14805940.0,72.288575,74.0297,0.40238,1.0,14457715.0,0.0,
607.cactuBSSN_s-2421B,No-Prefetch,hashed_perceptron-no-vberti-no-no-no-no-no-lru-lru-lru-srrip-drrip-lru-lru-lru-1core-no---607.cactuBSSN_s-2421B.champsimtrace.xz,0.796556,200000003.0,21633972.0,34929071.0,1608340.0,22658355.0,23253038.0,57643932.0,123544.0,3998.0,L1D,2418295.0,116.265188,12.091475,0.796556,1.0,23253038.0,0.0,
603.bwaves_s-1740B,No-Prefetch,hashed_perceptron-no-vberti-no-no-no-no-no-lru-lru-lru-srrip-drrip-lru-lru-lru-1core-no---603.bwaves_s-1740B.champsimtrace.xz,1.04595,200000001.0,221786.0,66646194.0,97449.0,11185884.0,3998457.0,173206543.0,203940863.0,3679132.0,L1D,3907874.0,19.992285,19.53937,1.04595,1.0,3998457.0,0.0,
607.cactuBSSN_s-4004B,No-Prefetch,hashed_perceptron-no-vberti-no-no-no-no-no-lru-lru-lru-srrip-drrip-lru-lru-lru-1core-no---607.cactuBSSN_s-4004B.champsimtrace.xz,0.855849,200000002.0,13487789.0,62716473.0,1213231.0,16023709.0,14719685.0,78972976.0,939728.0,11345.0,L1D,1175140.0,73.598424,5.8757,0.855849,1.0,14719685.0,0.0,
603.bwaves_s-2931B,No-Prefetch,hashed_perceptron-no-vberti-no-no-no-no-no-lru-lru-lru-srrip-drrip-lru-lru-lru-1core-no---603.bwaves_s-2931B.champsimtrace.xz,1.20545,200000001.0,858364.0,38197362.0,1870578.0,33252199.0,4676646.0,117616219.0,117821374.0,1769552.0,L1D,4157139.0,23.38323,20.785695,1.20545,1.0,4676646.0,0.0,
623.xalancbmk_s-165B,No-Prefetch,hashed_perceptron-no-vberti-no-no-no-no-no-lru-lru-lru-srrip-drrip-lru-lru-lru-1core-no---623.xalancbmk_s-165B.champsimtrace.xz,0.876206,200000001.0,133106.0,31085621.0,3129.0,2954725.0,4256797.0,62013274.0,65546217.0,3853652.0,L1D,3493039.0,21.283985,17.465195,0.876206,1.0,4256797.0,0.0,
605.mcf_s-1152B,No-Prefetch,hashed_perceptron-no-vberti-no-no-no-no-no-lru-lru-lru-srrip-drrip-lru-lru-lru-1core-no---605.mcf_s-1152B.champsimtrace.xz,0.293475,200000000.0,9768502.0,48971517.0,609011.0,16716266.0,13968213.0,90618746.0,81269641.0,3571111.0,L1D,10479847.0,69.841065,52.399235,0.293475,1.0,13968213.0,0.0,
623.xalancbmk_s-202B,No-Prefetch,hashed_perceptron-no-vberti-no-no-no-no-no-lru-lru-lru-srrip-drrip-lru-lru-lru-1core-no---623.xalancbmk_s-202B.champsimtrace.xz,0.882299,200000000.0,201003.0,32865511.0,0.0,3538725.0,5173860.0,76257218.0,86100888.0,4820080.0,L1D,4969955.0,25.8693,24.849775,0.882299,1.0,5173860.0,0.0,
605.mcf_s-1554B,No-Prefetch,hashed_perceptron-no-vberti-no-no-no-no-no-lru-lru-lru-srrip-drrip-lru-lru-lru-1core-no---605.mcf_s-1554B.champsimtrace.xz,0.638586,200000000.0,3540143.0,64899485.0,401182.0,10279331.0,33972479.0,188398224.0,365838055.0,27218365.0,L1D,41555069.0,169.862395,207.775345,0.638586,1.0,33972479.0,0.0,
602.gcc_s-1850B,IPCP,hashed_perceptron-no-ipcp_isca2020-no-no-no-no-no-lru-lru-lru-srrip-drrip-lru-lru-lru-1core-no---602.gcc_s-1850B.champsimtrace.xz,0.432194,200000000.0,509675.0,38743427.0,804.0,17263548.0,5612782.0,69673638.0,27557790.0,4210214.0,L1D,3684870.0,28.06391,18.42435,0.433319,0.997404,4581545.0,0.918951,0.152778
605.mcf_s-782B,IPCP,hashed_perceptron-no-ipcp_isca2020-no-no-no-no-no-lru-lru-lru-srrip-drrip-lru-lru-lru-1core-no---605.mcf_s-782B.champsimtrace.xz,0.175141,200000001.0,25812612.0,41273503.0,57153.0,3338172.0,50996765.0,72281524.0,67535768.0,5380503.0,L1D,43861220.0,254.983824,219.306099,0.228969,0.764911,30961052.0,0.173783,0.079669
602.gcc_s-2226B,IPCP,hashed_perceptron-no-ipcp_isca2020-no-no-no-no-no-lru-lru-lru-srrip-drrip-lru-lru-lru-1core-no---602.gcc_s-2226B.champsimtrace.xz,0.397861,200000000.0,751720.0,33380365.0,586.0,2659689.0,15340296.0,55637443.0,39884996.0,13322125.0,L1D,14654415.0,76.70148,73.272075,0.40238,0.988769,14457715.0,0.921454,0.334013
607.cactuBSSN_s-2421B,IPCP,hashed_perceptron-no-ipcp_isca2020-no-no-no-no-no-lru-lru-lru-srrip-drrip-lru-lru-lru-1core-no---607.cactuBSSN_s-2421B.champsimtrace.xz,0.906488,200000003.0,21686476.0,34850085.0,1619592.0,22642121.0,25402614.0,59656331.0,4501490.0,1531.0,L1D,2319761.0,127.013068,11.598805,0.796556,1.138009,23253038.0,6.6e-05,0.00034
603.bwaves_s-1740B,IPCP,hashed_perceptron-no-ipcp_isca2020-no-no-no-no-no-lru-lru-lru-srrip-drrip-lru-lru-lru-1core-no---603.bwaves_s-1740B.champsimtrace.xz,1.04192,200000001.0,197499.0,66547084.0,97449.0,11184875.0,4014826.0,142808083.0,134148711.0,3703421.0,L1D,3905589.0,20.07413,19.527945,1.04595,0.996147,3998457.0,0.926213,0.027607
607.cactuBSSN_s-4004B,IPCP,hashed_perceptron-no-ipcp_isca2020-no-no-no-no-no-lru-lru-lru-srrip-drrip-lru-lru-lru-1core-no---607.cactuBSSN_s-4004B.champsimtrace.xz,0.888045,200000002.0,13791732.0,62838699.0,1229337.0,16027044.0,16056307.0,80137679.0,2562198.0,34473.0,L1D,1190710.0,80.281534,5.95355,0.855849,1.037619,14719685.0,0.002342,0.013454
603.bwaves_s-2931B,IPCP,hashed_perceptron-no-ipcp_isca2020-no-no-no-no-no-lru-lru-lru-srrip-drrip-lru-lru-lru-1core-no---603.bwaves_s-2931B.champsimtrace.xz,1.19976,200000002.0,122141.0,38406700.0,1262404.0,33482338.0,3409919.0,83408122.0,23039140.0,2014240.0,L1D,4220377.0,17.049595,21.101885,1.20545,0.99528,4676646.0,0.430702,0.087427
623.xalancbmk_s-165B,IPCP,hashed_perceptron-no-ipcp_isca2020-no-no-no-no-no-lru-lru-lru-srrip-drrip-lru-lru-lru-1core-no---623.xalancbmk_s-165B.champsimtrace.xz,0.876332,200000001.0,186433.0,30947977.0,2370.0,2954749.0,4410755.0,41749894.0,15855404.0,3814392.0,L1D,3485540.0,22.053775,17.4277,0.876206,1.000144,4256797.0,0.896071,0.240574
605.mcf_s-1152B,IPCP,hashed_perceptron-no-ipcp_isca2020-no-no-no-no-no-lru-lru-lru-srrip-drrip-lru-lru-lru-1core-no---605.mcf_s-1152B.champsimtrace.xz,0.257025,200000000.0,11410125.0,48727022.0,606703.0,16662126.0,24058906.0,83769362.0,41430074.0,2536389.0,L1D,18987388.0,120.29453,94.93694,0.293475,0.875799,13968213.0,0.181583,0.061221
623.xalancbmk_s-202B,IPCP,hashed_perceptron-no-ipcp_isca2020-no-no-no-no-no-lru-lru-lru-srrip-drrip-lru-lru-lru-1core-no---623.xalancbmk_s-202B.champsimtrace.xz,0.912512,200000000.0,218001.0,32924097.0,0.0,3538725.0,5452267.0,43821126.0,14940772.0,4803039.0,L1D,5364520.0,27.261335,26.8226,0.882299,1.034243,5173860.0,0.928328,0.321472
603.bwaves_s-1740B,MLOP,hashed_perceptron-no-mlop_dpc3-no-no-no-no-no-lru-lru-lru-srrip-drrip-lru-lru-lru-1core-no---603.bwaves_s-1740B.champsimtrace.xz,1.03996,200000001.0,326925.0,67467217.0,97449.0,11197341.0,3998567.0,82238751.0,7259846.0,3573993.0,L1D,3905582.0,19.992835,19.52791,1.04595,0.994273,3998457.0,0.893843,0.492296
607.cactuBSSN_s-4004B,MLOP,hashed_perceptron-no-mlop_dpc3-no-no-no-no-no-lru-lru-lru-srrip-drrip-lru-lru-lru-1core-no---607.cactuBSSN_s-4004B.champsimtrace.xz,0.932338,200000002.0,13501334.0,62935729.0,1215040.0,16030856.0,15126116.0,79379838.0,826570.0,13432.0,L1D,1200788.0,75.630579,6.00394,0.855849,1.089372,14719685.0,0.000913,0.01625
603.bwaves_s-2931B,MLOP,hashed_perceptron-no-mlop_dpc3-no-no-no-no-no-lru-lru-lru-srrip-drrip-lru-lru-lru-1core-no---603.bwaves_s-2931B.champsimtrace.xz,1.19592,200000002.0,632791.0,37792803.0,1256034.0,33485434.0,3395175.0,72784587.0,3012754.0,1504231.0,L1D,4218596.0,16.975875,21.09298,1.20545,0.992094,4676646.0,0.321647,0.499288
623.xalancbmk_s-165B,MLOP,hashed_perceptron-no-mlop_dpc3-no-no-no-no-no-lru-lru-lru-srrip-drrip-lru-lru-lru-1core-no---623.xalancbmk_s-165B.champsimtrace.xz,0.871181,200000001.0,1180923.0,29708185.0,4274.0,2954189.0,4266769.0,35744040.0,6639877.0,2806719.0,L1D,3456063.0,21.333845,17.280315,0.876206,0.994265,4256797.0,0.65935,0.422706
605.mcf_s-1152B,MLOP,hashed_perceptron-no-mlop_dpc3-no-no-no-no-no-lru-lru-lru-srrip-drrip-lru-lru-lru-1core-no---605.mcf_s-1152B.champsimtrace.xz,0.24027,200000000.0,11367869.0,48769502.0,624964.0,16584756.0,29145733.0,82529298.0,39761378.0,2478877.0,L1D,26749162.0,145.728665,133.74581,0.293475,0.818707,13968213.0,0.177466,0.062344
623.xalancbmk_s-202B,MLOP,hashed_perceptron-no-mlop_dpc3-no-no-no-no-no-lru-lru-lru-srrip-drrip-lru-lru-lru-1core-no---623.xalancbmk_s-202B.champsimtrace.xz,0.858808,200000000.0,998379.0,31226119.0,0.0,3538725.0,5365863.0,39132328.0,9465982.0,4022597.0,L1D,5288646.0,26.829315,26.44323,0.882299,0.973375,5173860.0,0.777485,0.424953
605.mcf_s-1554B,MLOP,hashed_perceptron-no-mlop_dpc3-no-no-no-no-no-lru-lru-lru-srrip-drrip-lru-lru-lru-1core-no---605.mcf_s-1554B.champsimtrace.xz,0.425116,200000000.0,10502021.0,64533504.0,413136.0,9849724.0,37501515.0,100977866.0,97258932.0,20254280.0,L1D,39879051.0,187.507575,199.395255,0.638586,0.665715,33972479.0,0.596197,0.208251
602.gcc_s-1850B,Berti,hashed_perceptron-no-no-berti-no-no-no-no-lru-lru-lru-srrip-drrip-lru-lru-lru-1core-no---602.gcc_s-1850B.champsimtrace.xz,0.252446,200000000.0,4802136.0,37699682.0,1605.0,17263548.0,4803741.0,54963230.0,0.0,0.0,None,3570763.0,24.018705,17.853815,0.433319,0.582587,4581545.0,0.0,0.0
605.mcf_s-782B,Berti,hashed_perceptron-no-no-berti-no-no-no-no-lru-lru-lru-srrip-drrip-lru-lru-lru-1core-no---605.mcf_s-782B.champsimtrace.xz,0.174489,200000001.0,30889586.0,40752094.0,60517.0,3359777.0,30950103.0,44111871.0,0.0,0.0,None,24055574.0,154.750514,120.277869,0.228969,0.762064,30961052.0,0.0,0.0
602.gcc_s-2226B,Berti,hashed_perceptron-no-no-berti-no-no-no-no-lru-lru-lru-srrip-drrip-lru-lru-lru-1core-no---602.gcc_s-2226B.champsimtrace.xz,0.09958,200000000.0,13990409.0,28402243.0,5493.0,2663017.0,13995902.0,31065260.0,0.0,0.0,None,14071573.0,69.97951,70.357865,0.40238,0.247477,14457715.0,0.0,0.0
607.cactuBSSN_s-2421B,Berti,hashed_perceptron-no-no-berti-no-no-no-no-lru-lru-lru-srrip-drrip-lru-lru-lru-1core-no---607.cactuBSSN_s-2421B.champsimtrace.xz,0.796483,200000003.0,21638003.0,34927543.0,1608332.0,22658352.0,23246335.0,57585895.0,0.0,0.0,None,2420070.0,116.231673,12.10035,0.796556,0.999908,23253038.0,0.0,0.0
603.bwaves_s-1740B,Berti,hashed_perceptron-no-no-berti-no-no-no-no-lru-lru-lru-srrip-drrip-lru-lru-lru-1core-no---603.bwaves_s-1740B.champsimtrace.xz,0.665081,200000001.0,3900918.0,57285224.0,97449.0,11190829.0,3998367.0,68476053.0,0.0,0.0,None,3905583.0,19.991835,19.527915,1.04595,0.635863,3998457.0,0.0,0.0
607.cactuBSSN_s-4004B,Berti,hashed_perceptron-no-no-berti-no-no-no-no-lru-lru-lru-srrip-drrip-lru-lru-lru-1core-no---607.cactuBSSN_s-4004B.champsimtrace.xz,0.853674,200000002.0,13481492.0,62709117.0,1212965.0,16023850.0,14694457.0,78732967.0,0.0,0.0,None,1157800.0,73.472284,5.789,0.855849,0.997459,14719685.0,0.0,0.0
603.bwaves_s-2931B,Berti,hashed_perceptron-no-no-berti-no-no-no-no-lru-lru-lru-srrip-drrip-lru-lru-lru-1core-no---603.bwaves_s-2931B.champsimtrace.xz,0.757614,200000002.0,2130007.0,29705305.0,1252169.0,33700030.0,3382176.0,63405335.0,0.0,0.0,None,4219949.0,16.91088,21.099745,1.20545,0.628491,4676646.0,0.0,0.0
623.xalancbmk_s-165B,Berti,hashed_perceptron-no-no-berti-no-no-no-no-lru-lru-lru-srrip-drrip-lru-lru-lru-1core-no---623.xalancbmk_s-165B.champsimtrace.xz,0.751143,200000001.0,3985968.0,25921574.0,6152.0,2953982.0,3992120.0,28875556.0,0.0,0.0,None,3186299.0,19.9606,15.931495,0.876206,0.857268,4256797.0,0.0,0.0
605.mcf_s-1152B,Berti,hashed_perceptron-no-no-berti-no-no-no-no-lru-lru-lru-srrip-drrip-lru-lru-lru-1core-no---605.mcf_s-1152B.champsimtrace.xz,0.249893,200000000.0,13337845.0,48512634.0,608781.0,16727332.0,13946626.0,65239966.0,0.0,0.0,None,9971383.0,69.73313,49.856915,0.293475,0.851497,13968213.0,0.0,0.0
623.xalancbmk_s-202B,Berti,hashed_perceptron-no-no-berti-no-no-no-no-lru-lru-lru-srrip-drrip-lru-lru-lru-1core-no---623.xalancbmk_s-202B.champsimtrace.xz,0.519485,200000000.0,5020966.0,27702155.0,0.0,3538725.0,5020966.0,31240880.0,0.0,0.0,None,4954672.0,25.10483,24.77336,0.882299,0.588786,5173860.0,0.0,0.0
605.mcf_s-1554B,Berti,hashed_perceptron-no-no-berti-no-no-no-no-lru-lru-lru-srrip-drrip-lru-lru-lru-1core-no---605.mcf_s-1554B.champsimtrace.xz,0.247195,200000001.0,30754207.0,62079614.0,414897.0,9615625.0,31169104.0,71695239.0,0.0,0.0,None,31716055.0,155.845519,158.580274,0.638586,0.387097,33972479.0,0.0,0.0
602.gcc_s-1850B,Best-Offset,hashed_perceptron-no-no-bo-no-no-no-no-lru-lru-lru-srrip-drrip-lru-lru-lru-1core-no---602.gcc_s-1850B.champsimtrace.xz,0.353051,200000000.0,4802469.0,37862921.0,1605.0,17263548.0,4804074.0,55126469.0,14213188.0,0.0,L2C,17333618.0,24.02037,86.66809,0.433319,0.81476,4581545.0,0.0,0.0
602.gcc_s-2226B,Best-Offset,hashed_perceptron-no-no-bo-no-no-no-no-lru-lru-lru-srrip-drrip-lru-lru-lru-1core-no---602.gcc_s-2226B.champsimtrace.xz,0.199578,200000000.0,13990406.0,28470319.0,5493.0,2662530.0,13995899.0,31132849.0,55931344.0,0.0,L2C,65999742.0,69.979495,329.99871,0.40238,0.495994,14457715.0,0.0,0.0
603.bwaves_s-1740B,Best-Offset,hashed_perceptron-no-no-bo-no-no-no-no-lru-lru-lru-srrip-drrip-lru-lru-lru-1core-no---603.bwaves_s-1740B.champsimtrace.xz,1.02245,200000001.0,3900918.0,60386165.0,97449.0,11194619.0,3998367.0,71580784.0,10282676.0,0.0,L2C,12211427.0,19.991835,61.057135,1.04595,0.977532,3998457.0,0.0,0.0
603.bwaves_s-2931B,Best-Offset,hashed_perceptron-no-no-bo-no-no-no-no-lru-lru-lru-srrip-drrip-lru-lru-lru-1core-no---603.bwaves_s-2931B.champsimtrace.xz,1.19973,200000002.0,2132996.0,36665354.0,1250113.0,33166742.0,3383109.0,69832096.0,7285382.0,0.0,L2C,11254725.0,16.915545,56.273624,1.20545,0.995255,4676646.0,0.0,0.0
605.mcf_s-1152B,Best-Offset,hashed_perceptron-no-no-bo-no-no-no-no-lru-lru-lru-srrip-drrip-lru-lru-lru-1core-no---605.mcf_s-1152B.champsimtrace.xz,0.219157,200000000.0,13337518.0,48542342.0,608777.0,16698311.0,13946295.0,65240653.0,37408326.0,0.0,L2C,42404055.0,69.731475,212.020275,0.293475,0.746765,13968213.0,0.0,0.0
605.mcf_s-1554B,Best-Offset,hashed_perceptron-no-no-bo-no-no-no-no-lru-lru-lru-srrip-drrip-lru-lru-lru-1core-no---605.mcf_s-1554B.champsimtrace.xz,0.255305,200000000.0,30754212.0,62266243.0,414898.0,9426561.0,31169110.0,71692804.0,122916417.0,0.0,L2C,119365758.0,155.84555,596.82879,0.638586,0.399797,33972479.0,0.0,0.0
605.mcf_s-782B,Best-Offset,hashed_perceptron-no-no-bo-no-no-no-no-lru-lru-lru-srrip-drrip-lru-lru-lru-1core-no---605.mcf_s-782B.champsimtrace.xz,0.134163,200000001.0,30889019.0,40873685.0,60519.0,3343500.0,30949538.0,44217185.0,90737969.0,0.0,L2C,102202541.0,154.747689,511.012702,0.228969,0.585944,30961052.0,0.0,0.0
607.cactuBSSN_s-2421B,Best-Offset,hashed_perceptron-no-no-bo-no-no-no-no-lru-lru-lru-srrip-drrip-lru-lru-lru-1core-no---607.cactuBSSN_s-2421B.champsimtrace.xz,0.796643,200000003.0,21638107.0,34927215.0,1608332.0,22658301.0,23246439.0,57585516.0,14320.0,0.0,L2C,2430373.0,116.232193,12.151865,0.796556,1.000109,23253038.0,0.0,0.0
607.cactuBSSN_s-4004B,Best-Offset,hashed_perceptron-no-no-bo-no-no-no-no-lru-lru-lru-srrip-drrip-lru-lru-lru-1core-no---607.cactuBSSN_s-4004B.champsimtrace.xz,0.85455,200000002.0,13481589.0,62711730.0,1212969.0,16023975.0,14694558.0,78735705.0,32563.0,0.0,L2C,1183652.0,73.472789,5.91826,0.855849,0.998482,14719685.0,0.0,0.0
623.xalancbmk_s-165B,Best-Offset,hashed_perceptron-no-no-bo-no-no-no-no-lru-lru-lru-srrip-drrip-lru-lru-lru-1core-no---623.xalancbmk_s-165B.champsimtrace.xz,0.806163,200000001.0,3985969.0,25910146.0,6152.0,2953995.0,3992121.0,28864141.0,12717770.0,0.0,L2C,15767902.0,19.960605,78.83951,0.876206,0.920061,4256797.0,0.0,0.0
623.xalancbmk_s-202B,Best-Offset,hashed_perceptron-no-no-bo-no-no-no-no-lru-lru-lru-srrip-drrip-lru-lru-lru-1core-no---623.xalancbmk_s-202B.champsimtrace.xz,0.65508,200000000.0,5020966.0,27742199.0,0.0,3538725.0,5020966.0,31280924.0,19773474.0,0.0,L2C,24361775.0,25.10483,121.808875,0.882299,0.742469,5173860.0,0.0,0.0
